[{"model": "admin.logentry", "pk": 1, "fields": {"action_time": "2023-04-24T17:08:55.267Z", "user": 1, "content_type": 9, "object_id": "1", "object_repr": "The Chimes of Winter", "action_flag": 1, "change_message": "[{\"added\": {}}]"}}, {"model": "admin.logentry", "pk": 2, "fields": {"action_time": "2023-04-24T17:09:27.681Z", "user": 1, "content_type": 9, "object_id": "2", "object_repr": "The Midnight Garden", "action_flag": 1, "change_message": "[{\"added\": {}}]"}}, {"model": "admin.logentry", "pk": 3, "fields": {"action_time": "2023-04-24T17:10:08.457Z", "user": 1, "content_type": 9, "object_id": "3", "object_repr": "The Lost City of Aria", "action_flag": 1, "change_message": "[{\"added\": {}}]"}}, {"model": "admin.logentry", "pk": 4, "fields": {"action_time": "2023-04-24T17:10:32.882Z", "user": 1, "content_type": 9, "object_id": "4", "object_repr": "Echoes of the Forgotten", "action_flag": 1, "change_message": "[{\"added\": {}}]"}}, {"model": "admin.logentry", "pk": 5, "fields": {"action_time": "2023-04-24T17:11:03.378Z", "user": 1, "content_type": 9, "object_id": "5", "object_repr": "Shadow of the Mountain", "action_flag": 1, "change_message": "[{\"added\": {}}]"}}, {"model": "admin.logentry", "pk": 6, "fields": {"action_time": "2023-04-24T17:11:31.870Z", "user": 1, "content_type": 9, "object_id": "6", "object_repr": "Blue Door", "action_flag": 1, "change_message": "[{\"added\": {}}]"}}, {"model": "admin.logentry", "pk": 7, "fields": {"action_time": "2023-04-24T17:11:49.924Z", "user": 1, "content_type": 9, "object_id": "7", "object_repr": "Laugh", "action_flag": 1, "change_message": "[{\"added\": {}}]"}}, {"model": "admin.logentry", "pk": 8, "fields": {"action_time": "2023-04-24T17:12:05.445Z", "user": 1, "content_type": 9, "object_id": "8", "object_repr": "Whispering Trees", "action_flag": 1, "change_message": "[{\"added\": {}}]"}}, {"model": "admin.logentry", "pk": 9, "fields": {"action_time": "2023-04-24T17:12:46.721Z", "user": 1, "content_type": 9, "object_id": "9", "object_repr": "Ivory Tower", "action_flag": 1, "change_message": "[{\"added\": {}}]"}}, {"model": "admin.logentry", "pk": 10, "fields": {"action_time": "2023-04-24T17:15:22.193Z", "user": 1, "content_type": 9, "object_id": "10", "object_repr": "The Secret Life of Beeswax", "action_flag": 1, "change_message": "[{\"added\": {}}]"}}, {"model": "admin.logentry", "pk": 11, "fields": {"action_time": "2023-04-24T17:15:58.754Z", "user": 1, "content_type": 9, "object_id": "11", "object_repr": "The Sunflower Fields", "action_flag": 1, "change_message": "[{\"added\": {}}]"}}, {"model": "admin.logentry", "pk": 12, "fields": {"action_time": "2023-04-24T17:17:08.862Z", "user": 1, "content_type": 9, "object_id": "12", "object_repr": "The Enchanted Forest", "action_flag": 1, "change_message": "[{\"added\": {}}]"}}, {"model": "admin.logentry", "pk": 13, "fields": {"action_time": "2023-04-24T17:17:21.565Z", "user": 1, "content_type": 9, "object_id": "13", "object_repr": "The Lost Kingdom", "action_flag": 1, "change_message": "[{\"added\": {}}]"}}, {"model": "admin.logentry", "pk": 14, "fields": {"action_time": "2023-04-24T17:17:36.253Z", "user": 1, "content_type": 9, "object_id": "14", "object_repr": "Dancing in the Moonlight", "action_flag": 1, "change_message": "[{\"added\": {}}]"}}, {"model": "admin.logentry", "pk": 15, "fields": {"action_time": "2023-04-24T17:17:51.648Z", "user": 1, "content_type": 9, "object_id": "15", "object_repr": "The Ocean's Breath", "action_flag": 1, "change_message": "[{\"added\": {}}]"}}, {"model": "admin.logentry", "pk": 16, "fields": {"action_time": "2023-04-24T17:18:02.133Z", "user": 1, "content_type": 9, "object_id": "16", "object_repr": "Summer's End", "action_flag": 1, "change_message": "[{\"added\": {}}]"}}, {"model": "admin.logentry", "pk": 17, "fields": {"action_time": "2023-04-24T17:18:17.994Z", "user": 1, "content_type": 9, "object_id": "17", "object_repr": "Under the Northern Lights", "action_flag": 1, "change_message": "[{\"added\": {}}]"}}, {"model": "admin.logentry", "pk": 18, "fields": {"action_time": "2023-04-24T17:19:00.224Z", "user": 1, "content_type": 9, "object_id": "18", "object_repr": "The Midnight Sky", "action_flag": 1, "change_message": "[{\"added\": {}}]"}}, {"model": "admin.logentry", "pk": 19, "fields": {"action_time": "2023-04-24T17:19:17.404Z", "user": 1, "content_type": 9, "object_id": "19", "object_repr": "Whispers in the Wind", "action_flag": 1, "change_message": "[{\"added\": {}}]"}}, {"model": "admin.logentry", "pk": 20, "fields": {"action_time": "2023-04-24T17:19:37.462Z", "user": 1, "content_type": 9, "object_id": "20", "object_repr": "A Song for the Stars", "action_flag": 1, "change_message": "[{\"added\": {}}]"}}, {"model": "admin.logentry", "pk": 21, "fields": {"action_time": "2023-04-24T21:35:31.600Z", "user": 1, "content_type": 9, "object_id": "20", "object_repr": "A Song for the Stars", "action_flag": 2, "change_message": "[{\"changed\": {\"fields\": [\"Author\", \"Image\"]}}]"}}, {"model": "admin.logentry", "pk": 22, "fields": {"action_time": "2023-04-24T21:36:01.635Z", "user": 1, "content_type": 9, "object_id": "19", "object_repr": "Whispers in the Wind", "action_flag": 2, "change_message": "[{\"changed\": {\"fields\": [\"Author\", \"Image\"]}}]"}}, {"model": "admin.logentry", "pk": 23, "fields": {"action_time": "2023-04-24T21:36:20.919Z", "user": 1, "content_type": 9, "object_id": "18", "object_repr": "The Midnight Sky", "action_flag": 2, "change_message": "[{\"changed\": {\"fields\": [\"Author\", \"Image\"]}}]"}}, {"model": "admin.logentry", "pk": 24, "fields": {"action_time": "2023-04-24T21:36:41.092Z", "user": 1, "content_type": 9, "object_id": "17", "object_repr": "Under the Northern Lights", "action_flag": 2, "change_message": "[{\"changed\": {\"fields\": [\"Author\", \"Image\"]}}]"}}, {"model": "admin.logentry", "pk": 25, "fields": {"action_time": "2023-04-24T21:37:00.258Z", "user": 1, "content_type": 9, "object_id": "16", "object_repr": "Summer's End", "action_flag": 2, "change_message": "[{\"changed\": {\"fields\": [\"Author\", \"Image\"]}}]"}}, {"model": "admin.logentry", "pk": 26, "fields": {"action_time": "2023-04-24T21:37:19.423Z", "user": 1, "content_type": 9, "object_id": "15", "object_repr": "The Ocean's Breath", "action_flag": 2, "change_message": "[{\"changed\": {\"fields\": [\"Author\", \"Image\"]}}]"}}, {"model": "admin.logentry", "pk": 27, "fields": {"action_time": "2023-04-24T21:37:42.999Z", "user": 1, "content_type": 9, "object_id": "14", "object_repr": "Dancing in the Moonlight", "action_flag": 2, "change_message": "[{\"changed\": {\"fields\": [\"Author\", \"Image\"]}}]"}}, {"model": "admin.logentry", "pk": 28, "fields": {"action_time": "2023-04-24T21:38:18.389Z", "user": 1, "content_type": 9, "object_id": "13", "object_repr": "The Lost Kingdom", "action_flag": 2, "change_message": "[{\"changed\": {\"fields\": [\"Author\", \"Image\"]}}]"}}, {"model": "admin.logentry", "pk": 29, "fields": {"action_time": "2023-04-24T21:38:46.171Z", "user": 1, "content_type": 9, "object_id": "12", "object_repr": "The Enchanted Forest", "action_flag": 2, "change_message": "[{\"changed\": {\"fields\": [\"Author\", \"Image\"]}}]"}}, {"model": "admin.logentry", "pk": 30, "fields": {"action_time": "2023-04-24T21:39:04.605Z", "user": 1, "content_type": 9, "object_id": "11", "object_repr": "The Sunflower Fields", "action_flag": 2, "change_message": "[{\"changed\": {\"fields\": [\"Author\", \"Image\"]}}]"}}, {"model": "admin.logentry", "pk": 31, "fields": {"action_time": "2023-04-24T21:39:28.424Z", "user": 1, "content_type": 9, "object_id": "10", "object_repr": "The Secret Life of Beeswax", "action_flag": 2, "change_message": "[{\"changed\": {\"fields\": [\"Author\", \"Image\"]}}]"}}, {"model": "admin.logentry", "pk": 32, "fields": {"action_time": "2023-04-24T21:39:55.019Z", "user": 1, "content_type": 9, "object_id": "9", "object_repr": "Ivory Tower", "action_flag": 2, "change_message": "[{\"changed\": {\"fields\": [\"Author\", \"Image\"]}}]"}}, {"model": "admin.logentry", "pk": 33, "fields": {"action_time": "2023-04-24T21:40:13.075Z", "user": 1, "content_type": 9, "object_id": "8", "object_repr": "Whispering Trees", "action_flag": 2, "change_message": "[{\"changed\": {\"fields\": [\"Author\", \"Image\"]}}]"}}, {"model": "admin.logentry", "pk": 34, "fields": {"action_time": "2023-04-24T21:40:35.750Z", "user": 1, "content_type": 9, "object_id": "7", "object_repr": "Laugh", "action_flag": 2, "change_message": "[{\"changed\": {\"fields\": [\"Author\", \"Image\"]}}]"}}, {"model": "admin.logentry", "pk": 35, "fields": {"action_time": "2023-04-24T21:40:57.642Z", "user": 1, "content_type": 9, "object_id": "6", "object_repr": "Blue Door", "action_flag": 2, "change_message": "[{\"changed\": {\"fields\": [\"Author\", \"Image\"]}}]"}}, {"model": "admin.logentry", "pk": 36, "fields": {"action_time": "2023-04-24T21:41:51.332Z", "user": 1, "content_type": 9, "object_id": "5", "object_repr": "Shadow of the Mountain", "action_flag": 2, "change_message": "[{\"changed\": {\"fields\": [\"Author\", \"Image\"]}}]"}}, {"model": "admin.logentry", "pk": 37, "fields": {"action_time": "2023-04-24T21:42:07.002Z", "user": 1, "content_type": 9, "object_id": "4", "object_repr": "Echoes of the Forgotten", "action_flag": 2, "change_message": "[{\"changed\": {\"fields\": [\"Author\", \"Image\"]}}]"}}, {"model": "admin.logentry", "pk": 38, "fields": {"action_time": "2023-04-24T21:42:24.798Z", "user": 1, "content_type": 9, "object_id": "3", "object_repr": "The Lost City of Aria", "action_flag": 2, "change_message": "[{\"changed\": {\"fields\": [\"Author\", \"Image\"]}}]"}}, {"model": "admin.logentry", "pk": 39, "fields": {"action_time": "2023-04-24T21:42:53.794Z", "user": 1, "content_type": 9, "object_id": "2", "object_repr": "The Midnight Garden", "action_flag": 2, "change_message": "[{\"changed\": {\"fields\": [\"Author\", \"Image\"]}}]"}}, {"model": "admin.logentry", "pk": 40, "fields": {"action_time": "2023-04-24T21:43:16.844Z", "user": 1, "content_type": 9, "object_id": "1", "object_repr": "The Chimes of Winter", "action_flag": 2, "change_message": "[{\"changed\": {\"fields\": [\"Author\", \"Image\"]}}]"}}, {"model": "admin.logentry", "pk": 41, "fields": {"action_time": "2023-04-24T22:05:24.202Z", "user": 1, "content_type": 7, "object_id": "1", "object_repr": "Izzy", "action_flag": 1, "change_message": "[{\"added\": {}}]"}}, {"model": "admin.logentry", "pk": 42, "fields": {"action_time": "2023-04-24T22:06:04.565Z", "user": 1, "content_type": 8, "object_id": "1", "object_repr": "1", "action_flag": 1, "change_message": "[{\"added\": {}}]"}}, {"model": "admin.logentry", "pk": 43, "fields": {"action_time": "2023-04-24T22:06:26.677Z", "user": 1, "content_type": 11, "object_id": "1", "object_repr": "OrderItem object (1)", "action_flag": 1, "change_message": "[{\"added\": {}}]"}}, {"model": "admin.logentry", "pk": 44, "fields": {"action_time": "2023-04-24T22:06:42.651Z", "user": 1, "content_type": 11, "object_id": "2", "object_repr": "OrderItem object (2)", "action_flag": 1, "change_message": "[{\"added\": {}}]"}}, {"model": "admin.logentry", "pk": 45, "fields": {"action_time": "2023-05-04T14:17:40.799Z", "user": 1, "content_type": 9, "object_id": "21", "object_repr": "Book", "action_flag": 1, "change_message": "[{\"added\": {}}]"}}, {"model": "admin.logentry", "pk": 46, "fields": {"action_time": "2023-05-04T14:28:32.985Z", "user": 1, "content_type": 9, "object_id": "21", "object_repr": "Book", "action_flag": 3, "change_message": ""}}, {"model": "auth.permission", "pk": 1, "fields": {"name": "Can add log entry", "content_type": 1, "codename": "add_logentry"}}, {"model": "auth.permission", "pk": 2, "fields": {"name": "Can change log entry", "content_type": 1, "codename": "change_logentry"}}, {"model": "auth.permission", "pk": 3, "fields": {"name": "Can delete log entry", "content_type": 1, "codename": "delete_logentry"}}, {"model": "auth.permission", "pk": 4, "fields": {"name": "Can view log entry", "content_type": 1, "codename": "view_logentry"}}, {"model": "auth.permission", "pk": 5, "fields": {"name": "Can add permission", "content_type": 2, "codename": "add_permission"}}, {"model": "auth.permission", "pk": 6, "fields": {"name": "Can change permission", "content_type": 2, "codename": "change_permission"}}, {"model": "auth.permission", "pk": 7, "fields": {"name": "Can delete permission", "content_type": 2, "codename": "delete_permission"}}, {"model": "auth.permission", "pk": 8, "fields": {"name": "Can view permission", "content_type": 2, "codename": "view_permission"}}, {"model": "auth.permission", "pk": 9, "fields": {"name": "Can add group", "content_type": 3, "codename": "add_group"}}, {"model": "auth.permission", "pk": 10, "fields": {"name": "Can change group", "content_type": 3, "codename": "change_group"}}, {"model": "auth.permission", "pk": 11, "fields": {"name": "Can delete group", "content_type": 3, "codename": "delete_group"}}, {"model": "auth.permission", "pk": 12, "fields": {"name": "Can view group", "content_type": 3, "codename": "view_group"}}, {"model": "auth.permission", "pk": 13, "fields": {"name": "Can add user", "content_type": 4, "codename": "add_user"}}, {"model": "auth.permission", "pk": 14, "fields": {"name": "Can change user", "content_type": 4, "codename": "change_user"}}, {"model": "auth.permission", "pk": 15, "fields": {"name": "Can delete user", "content_type": 4, "codename": "delete_user"}}, {"model": "auth.permission", "pk": 16, "fields": {"name": "Can view user", "content_type": 4, "codename": "view_user"}}, {"model": "auth.permission", "pk": 17, "fields": {"name": "Can add content type", "content_type": 5, "codename": "add_contenttype"}}, {"model": "auth.permission", "pk": 18, "fields": {"name": "Can change content type", "content_type": 5, "codename": "change_contenttype"}}, {"model": "auth.permission", "pk": 19, "fields": {"name": "Can delete content type", "content_type": 5, "codename": "delete_contenttype"}}, {"model": "auth.permission", "pk": 20, "fields": {"name": "Can view content type", "content_type": 5, "codename": "view_contenttype"}}, {"model": "auth.permission", "pk": 21, "fields": {"name": "Can add session", "content_type": 6, "codename": "add_session"}}, {"model": "auth.permission", "pk": 22, "fields": {"name": "Can change session", "content_type": 6, "codename": "change_session"}}, {"model": "auth.permission", "pk": 23, "fields": {"name": "Can delete session", "content_type": 6, "codename": "delete_session"}}, {"model": "auth.permission", "pk": 24, "fields": {"name": "Can view session", "content_type": 6, "codename": "view_session"}}, {"model": "auth.permission", "pk": 25, "fields": {"name": "Can add customer", "content_type": 7, "codename": "add_customer"}}, {"model": "auth.permission", "pk": 26, "fields": {"name": "Can change customer", "content_type": 7, "codename": "change_customer"}}, {"model": "auth.permission", "pk": 27, "fields": {"name": "Can delete customer", "content_type": 7, "codename": "delete_customer"}}, {"model": "auth.permission", "pk": 28, "fields": {"name": "Can view customer", "content_type": 7, "codename": "view_customer"}}, {"model": "auth.permission", "pk": 29, "fields": {"name": "Can add order", "content_type": 8, "codename": "add_order"}}, {"model": "auth.permission", "pk": 30, "fields": {"name": "Can change order", "content_type": 8, "codename": "change_order"}}, {"model": "auth.permission", "pk": 31, "fields": {"name": "Can delete order", "content_type": 8, "codename": "delete_order"}}, {"model": "auth.permission", "pk": 32, "fields": {"name": "Can view order", "content_type": 8, "codename": "view_order"}}, {"model": "auth.permission", "pk": 33, "fields": {"name": "Can add product", "content_type": 9, "codename": "add_product"}}, {"model": "auth.permission", "pk": 34, "fields": {"name": "Can change product", "content_type": 9, "codename": "change_product"}}, {"model": "auth.permission", "pk": 35, "fields": {"name": "Can delete product", "content_type": 9, "codename": "delete_product"}}, {"model": "auth.permission", "pk": 36, "fields": {"name": "Can view product", "content_type": 9, "codename": "view_product"}}, {"model": "auth.permission", "pk": 37, "fields": {"name": "Can add shipping address", "content_type": 10, "codename": "add_shippingaddress"}}, {"model": "auth.permission", "pk": 38, "fields": {"name": "Can change shipping address", "content_type": 10, "codename": "change_shippingaddress"}}, {"model": "auth.permission", "pk": 39, "fields": {"name": "Can delete shipping address", "content_type": 10, "codename": "delete_shippingaddress"}}, {"model": "auth.permission", "pk": 40, "fields": {"name": "Can view shipping address", "content_type": 10, "codename": "view_shippingaddress"}}, {"model": "auth.permission", "pk": 41, "fields": {"name": "Can add order item", "content_type": 11, "codename": "add_orderitem"}}, {"model": "auth.permission", "pk": 42, "fields": {"name": "Can change order item", "content_type": 11, "codename": "change_orderitem"}}, {"model": "auth.permission", "pk": 43, "fields": {"name": "Can delete order item", "content_type": 11, "codename": "delete_orderitem"}}, {"model": "auth.permission", "pk": 44, "fields": {"name": "Can view order item", "content_type": 11, "codename": "view_orderitem"}}, {"model": "auth.user", "pk": 1, "fields": {"password": "pbkdf2_sha256$600000$lc8gydfAZIY8lFnMqGJsLf$6UHq86pNpxTr97i9kesFNrfY1VeSlJB/0K08r680x18=", "last_login": "2023-07-26T20:11:22.062Z", "is_superuser": true, "username": "izzy", "first_name": "", "last_name": "", "email": "maikyauisrael@gmail.com", "is_staff": true, "is_active": true, "date_joined": "2023-04-23T22:20:41.509Z", "groups": [], "user_permissions": []}}, {"model": "contenttypes.contenttype", "pk": 1, "fields": {"app_label": "admin", "model": "logentry"}}, {"model": "contenttypes.contenttype", "pk": 2, "fields": {"app_label": "auth", "model": "permission"}}, {"model": "contenttypes.contenttype", "pk": 3, "fields": {"app_label": "auth", "model": "group"}}, {"model": "contenttypes.contenttype", "pk": 4, "fields": {"app_label": "auth", "model": "user"}}, {"model": "contenttypes.contenttype", "pk": 5, "fields": {"app_label": "contenttypes", "model": "contenttype"}}, {"model": "contenttypes.contenttype", "pk": 6, "fields": {"app_label": "sessions", "model": "session"}}, {"model": "contenttypes.contenttype", "pk": 7, "fields": {"app_label": "litterarum", "model": "customer"}}, {"model": "contenttypes.contenttype", "pk": 8, "fields": {"app_label": "litterarum", "model": "order"}}, {"model": "contenttypes.contenttype", "pk": 9, "fields": {"app_label": "litterarum", "model": "product"}}, {"model": "contenttypes.contenttype", "pk": 10, "fields": {"app_label": "litterarum", "model": "shippingaddress"}}, {"model": "contenttypes.contenttype", "pk": 11, "fields": {"app_label": "litterarum", "model": "orderitem"}}, {"model": "sessions.session", "pk": "8ht6gh7f1b7ixa1rqa7zkgego9jrq4k4", "fields": {"session_data": ".eJxVjMEOwiAQRP-FsyHALlg9eu83EHaXStXQpLQn47_bJj3oZQ7z3sxbxbQuJa4tz3EUdVVWnX47SvzMdQfySPU-aZ7qMo-kd0UftOl-kvy6He7fQUmtbOuOwpkpO4CABr3pJAUkQSYIzl8ScN7CEgKIIRy8B0HDmYx3dnCsPl_YBTew:1pry70:w_KLgih7HoUowSIdtbrZ6fQ07iQWOppkgOSRLzezZ6k", "expire_date": "2023-05-11T09:40:26.646Z"}}, {"model": "litterarum.customer", "pk": 1, "fields": {"user": 1, "name": "Maikyau Israel", "email": "maikyauisrael@gmail.com"}}, {"model": "litterarum.customer", "pk": 2, "fields": {"user": null, "name": "Israel Maikyau", "email": "jamalukas01@gmail.com"}}, {"model": "litterarum.product", "pk": 1, "fields": {"name": "The Chimes of Winter", "author": "Emma Bailey", "price": "10.99", "digital": false, "image": "book-1.png"}}, {"model": "litterarum.product", "pk": 2, "fields": {"name": "The Midnight Garden", "author": "Emma Bailey", "price": "6.99", "digital": false, "image": "book-2.png"}}, {"model": "litterarum.product", "pk": 3, "fields": {"name": "The Lost City of Aria", "author": "Samuel Cole", "price": "15.99", "digital": false, "image": "book-3.png"}}, {"model": "litterarum.product", "pk": 4, "fields": {"name": "Echoes of the Forgotten", "author": "Laura Michaels", "price": "12.99", "digital": false, "image": "book-4.png"}}, {"model": "litterarum.product", "pk": 5, "fields": {"name": "Shadow of the Mountain", "author": "David Stone", "price": "4.99", "digital": false, "image": "book-5.png"}}, {"model": "litterarum.product", "pk": 6, "fields": {"name": "Blue Door", "author": "Daniel Nguyen", "price": "16.99", "digital": false, "image": "book-6.png"}}, {"model": "litterarum.product", "pk": 7, "fields": {"name": "Laugh", "author": "Michael Chen", "price": "7.99", "digital": false, "image": "book-7.png"}}, {"model": "litterarum.product", "pk": 8, "fields": {"name": "Whispering Trees", "author": "Claire Williams", "price": "15.99", "digital": false, "image": "book-8.png"}}, {"model": "litterarum.product", "pk": 9, "fields": {"name": "Ivory Tower", "author": "Rachel Lancaster", "price": "13.99", "digital": false, "image": "book-9.png"}}, {"model": "litterarum.product", "pk": 10, "fields": {"name": "The Secret Life of Beeswax", "author": "Rachel Lancaster", "price": "30.99", "digital": false, "image": "book-10.png"}}, {"model": "litterarum.product", "pk": 11, "fields": {"name": "The Sunflower Fields", "author": "Sarah Thompson", "price": "9.99", "digital": false, "image": "book-11.png"}}, {"model": "litterarum.product", "pk": 12, "fields": {"name": "The Enchanted Forest", "author": "Lily Chen", "price": "11.99", "digital": false, "image": "book-12.png"}}, {"model": "litterarum.product", "pk": 13, "fields": {"name": "The Lost Kingdom", "author": "Ryan Lee", "price": "14.99", "digital": false, "image": "book-13.png"}}, {"model": "litterarum.product", "pk": 14, "fields": {"name": "Dancing in the Moonlight", "author": "Sofia Garcia", "price": "8.99", "digital": false, "image": "book-14.png"}}, {"model": "litterarum.product", "pk": 15, "fields": {"name": "The Ocean's Breath", "author": "Olivia Davis", "price": "19.99", "digital": false, "image": "book-15.png"}}, {"model": "litterarum.product", "pk": 16, "fields": {"name": "Summer's End", "author": "Emily Jackson", "price": "6.99", "digital": false, "image": "book-16.png"}}, {"model": "litterarum.product", "pk": 17, "fields": {"name": "Under the Northern Lights", "author": "Joshua Kim", "price": "17.99", "digital": false, "image": "book-17.png"}}, {"model": "litterarum.product", "pk": 18, "fields": {"name": "The Midnight Sky", "author": "Isabella Rivera", "price": "12.99", "digital": false, "image": "book-18.png"}}, {"model": "litterarum.product", "pk": 19, "fields": {"name": "Whispers in the Wind", "author": "Isabella Rivera", "price": "10.99", "digital": false, "image": "book-19.png"}}, {"model": "litterarum.product", "pk": 20, "fields": {"name": "A Song for the Stars", "author": "Samantha Evans", "price": "21.99", "digital": false, "image": "book-20.png"}}, {"model": "litterarum.order", "pk": 1, "fields": {"customer": 1, "date_ordered": "2023-04-24T22:06:04.561Z", "complete": true, "transaction_id": "1682509027.73427"}}, {"model": "litterarum.order", "pk": 2, "fields": {"customer": 1, "date_ordered": "2023-04-26T11:37:09.387Z", "complete": true, "transaction_id": "1682642593.533917"}}, {"model": "litterarum.order", "pk": 3, "fields": {"customer": 1, "date_ordered": "2023-04-27T09:39:54.618Z", "complete": true, "transaction_id": "1682588394.562478"}}, {"model": "litterarum.order", "pk": 4, "fields": {"customer": 1, "date_ordered": "2023-04-28T00:43:15.223Z", "complete": false, "transaction_id": null}}, {"model": "litterarum.order", "pk": 5, "fields": {"customer": 2, "date_ordered": "2023-07-26T16:11:31.729Z", "complete": true, "transaction_id": "1690387891.701387"}}, {"model": "litterarum.orderitem", "pk": 1, "fields": {"product": 1, "order": 1, "quantity": 5, "date_added": "2023-04-24T22:06:26.676Z"}}, {"model": "litterarum.orderitem", "pk": 2, "fields": {"product": 6, "order": 1, "quantity": 1, "date_added": "2023-04-24T22:06:42.650Z"}}, {"model": "litterarum.orderitem", "pk": 3, "fields": {"product": 3, "order": 1, "quantity": 1, "date_added": "2023-04-25T13:27:51.829Z"}}, {"model": "litterarum.orderitem", "pk": 4, "fields": {"product": 5, "order": 1, "quantity": 1, "date_added": "2023-04-25T13:48:51.054Z"}}, {"model": "litterarum.orderitem", "pk": 5, "fields": {"product": 2, "order": 1, "quantity": 1, "date_added": "2023-04-26T08:05:47.060Z"}}, {"model": "litterarum.orderitem", "pk": 6, "fields": {"product": 3, "order": 2, "quantity": 1, "date_added": "2023-04-26T15:22:43.883Z"}}, {"model": "litterarum.orderitem", "pk": 7, "fields": {"product": 8, "order": 2, "quantity": 1, "date_added": "2023-04-26T15:22:45.818Z"}}, {"model": "litterarum.orderitem", "pk": 8, "fields": {"product": 12, "order": 2, "quantity": 1, "date_added": "2023-04-26T15:22:47.226Z"}}, {"model": "litterarum.orderitem", "pk": 9, "fields": {"product": 18, "order": 2, "quantity": 1, "date_added": "2023-04-26T15:22:48.723Z"}}, {"model": "litterarum.orderitem", "pk": 10, "fields": {"product": 3, "order": 3, "quantity": 1, "date_added": "2023-04-27T09:39:54.728Z"}}, {"model": "litterarum.orderitem", "pk": 11, "fields": {"product": 8, "order": 3, "quantity": 1, "date_added": "2023-04-27T09:39:54.822Z"}}, {"model": "litterarum.orderitem", "pk": 12, "fields": {"product": 9, "order": 3, "quantity": 1, "date_added": "2023-04-27T09:39:54.900Z"}}, {"model": "litterarum.orderitem", "pk": 15, "fields": {"product": 3, "order": 4, "quantity": 3, "date_added": "2023-04-29T21:45:27.262Z"}}, {"model": "litterarum.orderitem", "pk": 16, "fields": {"product": 4, "order": 4, "quantity": 1, "date_added": "2023-05-04T14:16:38.912Z"}}, {"model": "litterarum.orderitem", "pk": 17, "fields": {"product": null, "order": 4, "quantity": 1, "date_added": "2023-05-04T14:17:50.857Z"}}, {"model": "litterarum.orderitem", "pk": 18, "fields": {"product": 2, "order": 4, "quantity": 10, "date_added": "2023-05-31T15:14:42.163Z"}}, {"model": "litterarum.orderitem", "pk": 19, "fields": {"product": 3, "order": 5, "quantity": 2, "date_added": "2023-07-26T16:11:31.733Z"}}, {"model": "litterarum.orderitem", "pk": 20, "fields": {"product": 7, "order": 5, "quantity": 1, "date_added": "2023-07-26T16:11:31.735Z"}}, {"model": "litterarum.orderitem", "pk": 21, "fields": {"product": 8, "order": 5, "quantity": 1, "date_added": "2023-07-26T16:11:31.736Z"}}, {"model": "litterarum.shippingaddress", "pk": 1, "fields": {"customer": 1, "order": 1, "address": "Eagles Ville Estate, B", "city": "Abuja", "state": "Kogi", "zipcode": "900001", "date_added": "2023-04-26T11:33:08.447Z"}}, {"model": "litterarum.shippingaddress", "pk": 2, "fields": {"customer": 1, "order": 1, "address": "Eagles Ville Estate, B", "city": "Abuja", "state": "Kogi", "zipcode": "900001", "date_added": "2023-04-26T11:37:07.828Z"}}, {"model": "litterarum.shippingaddress", "pk": 3, "fields": {"customer": 1, "order": 3, "address": "Eagles Ville Estate, B", "city": "Abuja", "state": "Kogi", "zipcode": "900001", "date_added": "2023-04-27T09:39:55.074Z"}}, {"model": "litterarum.shippingaddress", "pk": 4, "fields": {"customer": 1, "order": 2, "address": "No 14, A Close, Eagleville Estate, Mabushi", "city": "F.C.T", "state": "Abuja", "zipcode": "900108", "date_added": "2023-04-28T00:43:13.557Z"}}, {"model": "litterarum.shippingaddress", "pk": 5, "fields": {"customer": 2, "order": 5, "address": "No 14, A Close, Eagleville Estate, Mabushi", "city": "F.C.T", "state": "Abuja", "zipcode": "900108", "date_added": "2023-07-26T16:11:31.744Z"}}]